<?xml version="1.0" encoding="UTF-8"?>
<!--
Created with Funkin Packer v0.1.3 https://neeeoo.github.io/funkin-packer/
-->
<TextureAtlas imagePath="texture.png" width="4996" height="630">
	<SubTexture name="down instance 10000" x="1" y="1" width="420" height="532" frameX="-99" frameY="-141" frameWidth="582" frameHeight="741"/>
	<SubTexture name="down instance 10001" x="1" y="1" width="420" height="532" frameX="-99" frameY="-141" frameWidth="582" frameHeight="741"/>
	<SubTexture name="down instance 10002" x="424" y="1" width="420" height="536" frameX="-98" frameY="-137" frameWidth="582" frameHeight="741"/>
	<SubTexture name="down instance 10003" x="424" y="1" width="420" height="536" frameX="-98" frameY="-137" frameWidth="582" frameHeight="741"/>
	<SubTexture name="down instance 10004" x="424" y="1" width="420" height="536" frameX="-98" frameY="-137" frameWidth="582" frameHeight="741"/>
	<SubTexture name="down instance 10005" x="424" y="1" width="420" height="536" frameX="-98" frameY="-137" frameWidth="582" frameHeight="741"/>
	<SubTexture name="down instance 10006" x="424" y="1" width="420" height="536" frameX="-98" frameY="-137" frameWidth="582" frameHeight="741"/>
	<SubTexture name="down instance 10007" x="424" y="1" width="420" height="536" frameX="-98" frameY="-137" frameWidth="582" frameHeight="741"/>
	<SubTexture name="down instance 10008" x="424" y="1" width="420" height="536" frameX="-98" frameY="-137" frameWidth="582" frameHeight="741"/>
	<SubTexture name="down instance 10009" x="424" y="1" width="420" height="536" frameX="-98" frameY="-137" frameWidth="582" frameHeight="741"/>
	<SubTexture name="down instance 10010" x="424" y="1" width="420" height="536" frameX="-98" frameY="-137" frameWidth="582" frameHeight="741"/>
	<SubTexture name="down instance 10011" x="424" y="1" width="420" height="536" frameX="-98" frameY="-137" frameWidth="582" frameHeight="741"/>
	<SubTexture name="down instance 10012" x="424" y="1" width="420" height="536" frameX="-98" frameY="-137" frameWidth="582" frameHeight="741"/>
	<SubTexture name="down instance 10013" x="424" y="1" width="420" height="536" frameX="-98" frameY="-137" frameWidth="582" frameHeight="741"/>
	<SubTexture name="down instance 10014" x="424" y="1" width="420" height="536" frameX="-98" frameY="-137" frameWidth="582" frameHeight="741"/>
	<SubTexture name="idle instance 10000" x="847" y="1" width="395" height="602" frameX="-119" frameY="-156" frameWidth="612" frameHeight="822"/>
	<SubTexture name="idle instance 10001" x="847" y="1" width="395" height="602" frameX="-119" frameY="-156" frameWidth="612" frameHeight="822"/>
	<SubTexture name="idle instance 10002" x="1245" y="1" width="392" height="605" frameX="-121" frameY="-153" frameWidth="612" frameHeight="822"/>
	<SubTexture name="idle instance 10003" x="1245" y="1" width="392" height="605" frameX="-121" frameY="-153" frameWidth="612" frameHeight="822"/>
	<SubTexture name="idle instance 10004" x="1640" y="1" width="384" height="614" frameX="-127" frameY="-144" frameWidth="612" frameHeight="822"/>
	<SubTexture name="idle instance 10005" x="1640" y="1" width="384" height="614" frameX="-127" frameY="-144" frameWidth="612" frameHeight="822"/>
	<SubTexture name="idle instance 10006" x="2027" y="1" width="384" height="614" frameX="-127" frameY="-144" frameWidth="612" frameHeight="822"/>
	<SubTexture name="idle instance 10007" x="2027" y="1" width="384" height="614" frameX="-127" frameY="-144" frameWidth="612" frameHeight="822"/>
	<SubTexture name="idle instance 10008" x="2414" y="1" width="384" height="615" frameX="-127" frameY="-143" frameWidth="612" frameHeight="822"/>
	<SubTexture name="idle instance 10009" x="2414" y="1" width="384" height="615" frameX="-127" frameY="-143" frameWidth="612" frameHeight="822"/>
	<SubTexture name="idle instance 10010" x="2414" y="1" width="384" height="615" frameX="-127" frameY="-143" frameWidth="612" frameHeight="822"/>
	<SubTexture name="idle instance 10011" x="2414" y="1" width="384" height="615" frameX="-127" frameY="-143" frameWidth="612" frameHeight="822"/>
	<SubTexture name="idle instance 10012" x="2414" y="1" width="384" height="615" frameX="-127" frameY="-143" frameWidth="612" frameHeight="822"/>
	<SubTexture name="idle instance 10013" x="2414" y="1" width="384" height="615" frameX="-127" frameY="-143" frameWidth="612" frameHeight="822"/>
	<SubTexture name="idle instance 10014" x="2414" y="1" width="384" height="615" frameX="-127" frameY="-143" frameWidth="612" frameHeight="822"/>
	<SubTexture name="left instance 10000" x="3540" y="1" width="375" height="627" frameX="-125" frameY="-134" frameWidth="624" frameHeight="826"/>
	<SubTexture name="left instance 10001" x="3540" y="1" width="375" height="627" frameX="-125" frameY="-134" frameWidth="624" frameHeight="826"/>
	<SubTexture name="left instance 10002" x="4615" y="1" width="380" height="628" frameX="-122" frameY="-133" frameWidth="624" frameHeight="826"/>
	<SubTexture name="left instance 10003" x="4615" y="1" width="380" height="628" frameX="-122" frameY="-133" frameWidth="624" frameHeight="826"/>
	<SubTexture name="left instance 10004" x="4615" y="1" width="380" height="628" frameX="-122" frameY="-133" frameWidth="624" frameHeight="826"/>
	<SubTexture name="left instance 10005" x="4615" y="1" width="380" height="628" frameX="-122" frameY="-133" frameWidth="624" frameHeight="826"/>
	<SubTexture name="left instance 10006" x="4615" y="1" width="380" height="628" frameX="-122" frameY="-133" frameWidth="624" frameHeight="826"/>
	<SubTexture name="left instance 10007" x="4615" y="1" width="380" height="628" frameX="-122" frameY="-133" frameWidth="624" frameHeight="826"/>
	<SubTexture name="left instance 10008" x="4615" y="1" width="380" height="628" frameX="-122" frameY="-133" frameWidth="624" frameHeight="826"/>
	<SubTexture name="left instance 10009" x="4615" y="1" width="380" height="628" frameX="-122" frameY="-133" frameWidth="624" frameHeight="826"/>
	<SubTexture name="left instance 10010" x="4615" y="1" width="380" height="628" frameX="-122" frameY="-133" frameWidth="624" frameHeight="826"/>
	<SubTexture name="left instance 10011" x="4615" y="1" width="380" height="628" frameX="-122" frameY="-133" frameWidth="624" frameHeight="826"/>
	<SubTexture name="left instance 10012" x="4615" y="1" width="380" height="628" frameX="-122" frameY="-133" frameWidth="624" frameHeight="826"/>
	<SubTexture name="left instance 10013" x="4615" y="1" width="380" height="628" frameX="-122" frameY="-133" frameWidth="624" frameHeight="826"/>
	<SubTexture name="left instance 10014" x="4615" y="1" width="380" height="628" frameX="-122" frameY="-133" frameWidth="624" frameHeight="826"/>
	<SubTexture name="right instance 10000" x="3918" y="1" width="342" height="627" frameX="-128" frameY="-132" frameWidth="614" frameHeight="829"/>
	<SubTexture name="right instance 10001" x="3918" y="1" width="342" height="627" frameX="-128" frameY="-132" frameWidth="614" frameHeight="829"/>
	<SubTexture name="right instance 10002" x="4263" y="1" width="349" height="627" frameX="-119" frameY="-132" frameWidth="614" frameHeight="829"/>
	<SubTexture name="right instance 10003" x="4263" y="1" width="349" height="627" frameX="-119" frameY="-132" frameWidth="614" frameHeight="829"/>
	<SubTexture name="right instance 10004" x="4263" y="1" width="349" height="627" frameX="-119" frameY="-132" frameWidth="614" frameHeight="829"/>
	<SubTexture name="right instance 10005" x="4263" y="1" width="349" height="627" frameX="-119" frameY="-132" frameWidth="614" frameHeight="829"/>
	<SubTexture name="right instance 10006" x="4263" y="1" width="349" height="627" frameX="-119" frameY="-132" frameWidth="614" frameHeight="829"/>
	<SubTexture name="right instance 10007" x="4263" y="1" width="349" height="627" frameX="-119" frameY="-132" frameWidth="614" frameHeight="829"/>
	<SubTexture name="right instance 10008" x="4263" y="1" width="349" height="627" frameX="-119" frameY="-132" frameWidth="614" frameHeight="829"/>
	<SubTexture name="right instance 10009" x="4263" y="1" width="349" height="627" frameX="-119" frameY="-132" frameWidth="614" frameHeight="829"/>
	<SubTexture name="right instance 10010" x="4263" y="1" width="349" height="627" frameX="-119" frameY="-132" frameWidth="614" frameHeight="829"/>
	<SubTexture name="right instance 10011" x="4263" y="1" width="349" height="627" frameX="-119" frameY="-132" frameWidth="614" frameHeight="829"/>
	<SubTexture name="right instance 10012" x="4263" y="1" width="349" height="627" frameX="-119" frameY="-132" frameWidth="614" frameHeight="829"/>
	<SubTexture name="right instance 10013" x="4263" y="1" width="349" height="627" frameX="-119" frameY="-132" frameWidth="614" frameHeight="829"/>
	<SubTexture name="right instance 10014" x="4263" y="1" width="349" height="627" frameX="-119" frameY="-132" frameWidth="614" frameHeight="829"/>
	<SubTexture name="up instance 10000" x="3165" y="1" width="372" height="624" frameX="-120" frameY="-137" frameWidth="571" frameHeight="862"/>
	<SubTexture name="up instance 10001" x="3165" y="1" width="372" height="624" frameX="-120" frameY="-137" frameWidth="571" frameHeight="862"/>
	<SubTexture name="up instance 10002" x="2801" y="1" width="361" height="620" frameX="-131" frameY="-141" frameWidth="571" frameHeight="862"/>
	<SubTexture name="up instance 10003" x="2801" y="1" width="361" height="620" frameX="-131" frameY="-141" frameWidth="571" frameHeight="862"/>
	<SubTexture name="up instance 10004" x="2801" y="1" width="361" height="620" frameX="-131" frameY="-141" frameWidth="571" frameHeight="862"/>
	<SubTexture name="up instance 10005" x="2801" y="1" width="361" height="620" frameX="-131" frameY="-141" frameWidth="571" frameHeight="862"/>
	<SubTexture name="up instance 10006" x="2801" y="1" width="361" height="620" frameX="-131" frameY="-141" frameWidth="571" frameHeight="862"/>
	<SubTexture name="up instance 10007" x="2801" y="1" width="361" height="620" frameX="-131" frameY="-141" frameWidth="571" frameHeight="862"/>
	<SubTexture name="up instance 10008" x="2801" y="1" width="361" height="620" frameX="-131" frameY="-141" frameWidth="571" frameHeight="862"/>
	<SubTexture name="up instance 10009" x="2801" y="1" width="361" height="620" frameX="-131" frameY="-141" frameWidth="571" frameHeight="862"/>
	<SubTexture name="up instance 10010" x="2801" y="1" width="361" height="620" frameX="-131" frameY="-141" frameWidth="571" frameHeight="862"/>
	<SubTexture name="up instance 10011" x="2801" y="1" width="361" height="620" frameX="-131" frameY="-141" frameWidth="571" frameHeight="862"/>
	<SubTexture name="up instance 10012" x="2801" y="1" width="361" height="620" frameX="-131" frameY="-141" frameWidth="571" frameHeight="862"/>
	<SubTexture name="up instance 10013" x="2801" y="1" width="361" height="620" frameX="-131" frameY="-141" frameWidth="571" frameHeight="862"/>
	<SubTexture name="up instance 10014" x="2801" y="1" width="361" height="620" frameX="-131" frameY="-141" frameWidth="571" frameHeight="862"/>
</TextureAtlas>