<?xml version="1.0" encoding="UTF-8"?>
<!--
Created with Funkin Packer v0.1.3 https://neeeoo.github.io/funkin-packer/
-->
<TextureAtlas imagePath="texture.png" width="658" height="1185">
	<SubTexture name="gfdance instance 10000" x="1" y="1" width="331" height="586" frameX="-127" frameY="-57" frameWidth="558" frameHeight="707"/>
	<SubTexture name="gfdance instance 10001" x="1" y="1" width="331" height="586" frameX="-127" frameY="-57" frameWidth="558" frameHeight="707"/>
	<SubTexture name="gfdance instance 10002" x="326" y="597" width="329" height="587" frameX="-134" frameY="-55" frameWidth="558" frameHeight="707"/>
	<SubTexture name="gfdance instance 10003" x="326" y="597" width="329" height="587" frameX="-134" frameY="-55" frameWidth="558" frameHeight="707"/>
	<SubTexture name="gfdance instance 10004" x="335" y="1" width="322" height="593" frameX="-153" frameY="-48" frameWidth="558" frameHeight="707"/>
	<SubTexture name="gfdance instance 10005" x="335" y="1" width="322" height="593" frameX="-153" frameY="-48" frameWidth="558" frameHeight="707"/>
	<SubTexture name="gfdance instance 10006" x="1" y="590" width="322" height="593" frameX="-155" frameY="-48" frameWidth="558" frameHeight="707"/>
	<SubTexture name="gfdance instance 10007" x="1" y="590" width="322" height="593" frameX="-155" frameY="-48" frameWidth="558" frameHeight="707"/>
	<SubTexture name="gfdance instance 10008" x="1" y="590" width="322" height="593" frameX="-155" frameY="-48" frameWidth="558" frameHeight="707"/>
	<SubTexture name="gfdance instance 10009" x="1" y="590" width="322" height="593" frameX="-155" frameY="-48" frameWidth="558" frameHeight="707"/>
	<SubTexture name="gfdance instance 10010" x="1" y="590" width="322" height="593" frameX="-155" frameY="-48" frameWidth="558" frameHeight="707"/>
	<SubTexture name="gfdance instance 10011" x="1" y="590" width="322" height="593" frameX="-155" frameY="-48" frameWidth="558" frameHeight="707"/>
	<SubTexture name="gfdance instance 10012" x="1" y="590" width="322" height="593" frameX="-155" frameY="-48" frameWidth="558" frameHeight="707"/>
	<SubTexture name="gfdance instance 10013" x="1" y="590" width="322" height="593" frameX="-155" frameY="-48" frameWidth="558" frameHeight="707"/>
	<SubTexture name="gfdance instance 10014" x="1" y="590" width="322" height="593" frameX="-155" frameY="-48" frameWidth="558" frameHeight="707"/>
</TextureAtlas>