{
	"animations": [
		{
			"offsets": [
				26,
				7
			],
			"loop": false,
			"fps": 22,
			"anim": "singLEFT",
			"indices": [],
			"name": "right"
		},
		{
			"offsets": [
				-42,
				15
			],
			"loop": false,
			"fps": 24,
			"anim": "singUP",
			"indices": [],
			"name": "up"
		},
		{
			"offsets": [
				-58,
				-70
			],
			"loop": false,
			"fps": 24,
			"anim": "singDOWN",
			"indices": [],
			"name": "down"
		},
		{
			"loop": false,
			"offsets": [
				3,
				1
			],
			"anim": "singRIGHT",
			"fps": 22,
			"name": "left",
			"indices": []
		},
		{
			"loop": false,
			"offsets": [
				0,
				0
			],
			"anim": "idle",
			"fps": 24,
			"name": "idle",
			"indices": []
		}
	],
	"no_antialiasing": false,
	"image": "characters/Kitty",
	"position": [
		50,
		75
	],
	"healthicon": "kitty",
	"flip_x": false,
	"healthbar_colors": [
		0,
		15,
		255
	],
	"camera_position": [
		170,
		15
	],
	"sing_duration": 4,
	"scale": 1
}